case_name,predicted_output,expected_output,correct,expt_name
valid.017,**exception raised**: litellm.AuthenticationError: AuthenticationError: Together_aiException - The api_key client option must be set either by passing api_key to the client or by setting the TOGETHER_AI_API_KEY environment variable,(A),0.0,structured_baseline
valid.001,**exception raised**: litellm.AuthenticationError: AuthenticationError: Together_aiException - The api_key client option must be set either by passing api_key to the client or by setting the TOGETHER_AI_API_KEY environment variable,(C),0.0,structured_baseline
valid.009,**exception raised**: litellm.AuthenticationError: AuthenticationError: Together_aiException - The api_key client option must be set either by passing api_key to the client or by setting the TOGETHER_AI_API_KEY environment variable,(C),0.0,structured_baseline
valid.037,**exception raised**: litellm.AuthenticationError: AuthenticationError: Together_aiException - The api_key client option must be set either by passing api_key to the client or by setting the TOGETHER_AI_API_KEY environment variable,(C),0.0,structured_baseline
valid.021,**exception raised**: litellm.AuthenticationError: AuthenticationError: Together_aiException - The api_key client option must be set either by passing api_key to the client or by setting the TOGETHER_AI_API_KEY environment variable,(E),0.0,structured_baseline
valid.018,**exception raised**: litellm.AuthenticationError: AuthenticationError: Together_aiException - The api_key client option must be set either by passing api_key to the client or by setting the TOGETHER_AI_API_KEY environment variable,(A),0.0,structured_baseline
valid.036,**exception raised**: litellm.AuthenticationError: AuthenticationError: Together_aiException - The api_key client option must be set either by passing api_key to the client or by setting the TOGETHER_AI_API_KEY environment variable,(D),0.0,structured_baseline
valid.008,**exception raised**: litellm.AuthenticationError: AuthenticationError: Together_aiException - The api_key client option must be set either by passing api_key to the client or by setting the TOGETHER_AI_API_KEY environment variable,(C),0.0,structured_baseline
valid.023,**exception raised**: litellm.AuthenticationError: AuthenticationError: Together_aiException - The api_key client option must be set either by passing api_key to the client or by setting the TOGETHER_AI_API_KEY environment variable,(B),0.0,structured_baseline
valid.006,**exception raised**: litellm.AuthenticationError: AuthenticationError: Together_aiException - The api_key client option must be set either by passing api_key to the client or by setting the TOGETHER_AI_API_KEY environment variable,(C),0.0,structured_baseline
valid.007,**exception raised**: litellm.AuthenticationError: AuthenticationError: Together_aiException - The api_key client option must be set either by passing api_key to the client or by setting the TOGETHER_AI_API_KEY environment variable,(C),0.0,structured_baseline
valid.003,**exception raised**: litellm.AuthenticationError: AuthenticationError: Together_aiException - The api_key client option must be set either by passing api_key to the client or by setting the TOGETHER_AI_API_KEY environment variable,(B),0.0,structured_baseline
valid.029,**exception raised**: litellm.AuthenticationError: AuthenticationError: Together_aiException - The api_key client option must be set either by passing api_key to the client or by setting the TOGETHER_AI_API_KEY environment variable,(C),0.0,structured_baseline
valid.005,**exception raised**: litellm.AuthenticationError: AuthenticationError: Together_aiException - The api_key client option must be set either by passing api_key to the client or by setting the TOGETHER_AI_API_KEY environment variable,(B),0.0,structured_baseline
valid.002,**exception raised**: litellm.AuthenticationError: AuthenticationError: Together_aiException - The api_key client option must be set either by passing api_key to the client or by setting the TOGETHER_AI_API_KEY environment variable,(A),0.0,structured_baseline
valid.041,**exception raised**: litellm.AuthenticationError: AuthenticationError: Together_aiException - The api_key client option must be set either by passing api_key to the client or by setting the TOGETHER_AI_API_KEY environment variable,(B),0.0,structured_baseline
valid.033,**exception raised**: litellm.AuthenticationError: AuthenticationError: Together_aiException - The api_key client option must be set either by passing api_key to the client or by setting the TOGETHER_AI_API_KEY environment variable,(B),0.0,structured_baseline
valid.024,**exception raised**: litellm.AuthenticationError: AuthenticationError: Together_aiException - The api_key client option must be set either by passing api_key to the client or by setting the TOGETHER_AI_API_KEY environment variable,(A),0.0,structured_baseline
valid.019,**exception raised**: litellm.AuthenticationError: AuthenticationError: Together_aiException - The api_key client option must be set either by passing api_key to the client or by setting the TOGETHER_AI_API_KEY environment variable,(A),0.0,structured_baseline
valid.034,**exception raised**: litellm.AuthenticationError: AuthenticationError: Together_aiException - The api_key client option must be set either by passing api_key to the client or by setting the TOGETHER_AI_API_KEY environment variable,(D),0.0,structured_baseline
valid.010,**exception raised**: litellm.AuthenticationError: AuthenticationError: Together_aiException - The api_key client option must be set either by passing api_key to the client or by setting the TOGETHER_AI_API_KEY environment variable,(C),0.0,structured_baseline
valid.035,**exception raised**: litellm.AuthenticationError: AuthenticationError: Together_aiException - The api_key client option must be set either by passing api_key to the client or by setting the TOGETHER_AI_API_KEY environment variable,(E),0.0,structured_baseline
valid.027,**exception raised**: litellm.AuthenticationError: AuthenticationError: Together_aiException - The api_key client option must be set either by passing api_key to the client or by setting the TOGETHER_AI_API_KEY environment variable,(B),0.0,structured_baseline
valid.013,**exception raised**: litellm.AuthenticationError: AuthenticationError: Together_aiException - The api_key client option must be set either by passing api_key to the client or by setting the TOGETHER_AI_API_KEY environment variable,(B),0.0,structured_baseline
valid.042,**exception raised**: litellm.AuthenticationError: AuthenticationError: Together_aiException - The api_key client option must be set either by passing api_key to the client or by setting the TOGETHER_AI_API_KEY environment variable,(D),0.0,structured_baseline
valid.015,**exception raised**: litellm.AuthenticationError: AuthenticationError: Together_aiException - The api_key client option must be set either by passing api_key to the client or by setting the TOGETHER_AI_API_KEY environment variable,(E),0.0,structured_baseline
valid.016,**exception raised**: litellm.AuthenticationError: AuthenticationError: Together_aiException - The api_key client option must be set either by passing api_key to the client or by setting the TOGETHER_AI_API_KEY environment variable,(C),0.0,structured_baseline
valid.028,**exception raised**: litellm.AuthenticationError: AuthenticationError: Together_aiException - The api_key client option must be set either by passing api_key to the client or by setting the TOGETHER_AI_API_KEY environment variable,(D),0.0,structured_baseline
valid.040,**exception raised**: litellm.AuthenticationError: AuthenticationError: Together_aiException - The api_key client option must be set either by passing api_key to the client or by setting the TOGETHER_AI_API_KEY environment variable,(C),0.0,structured_baseline
valid.038,**exception raised**: litellm.AuthenticationError: AuthenticationError: Together_aiException - The api_key client option must be set either by passing api_key to the client or by setting the TOGETHER_AI_API_KEY environment variable,(A),0.0,structured_baseline
valid.030,**exception raised**: litellm.AuthenticationError: AuthenticationError: Together_aiException - The api_key client option must be set either by passing api_key to the client or by setting the TOGETHER_AI_API_KEY environment variable,(B),0.0,structured_baseline
valid.039,**exception raised**: litellm.AuthenticationError: AuthenticationError: Together_aiException - The api_key client option must be set either by passing api_key to the client or by setting the TOGETHER_AI_API_KEY environment variable,(A),0.0,structured_baseline
valid.032,**exception raised**: litellm.AuthenticationError: AuthenticationError: Together_aiException - The api_key client option must be set either by passing api_key to the client or by setting the TOGETHER_AI_API_KEY environment variable,(D),0.0,structured_baseline
valid.025,**exception raised**: litellm.AuthenticationError: AuthenticationError: Together_aiException - The api_key client option must be set either by passing api_key to the client or by setting the TOGETHER_AI_API_KEY environment variable,(A),0.0,structured_baseline
valid.000,**exception raised**: litellm.AuthenticationError: AuthenticationError: Together_aiException - The api_key client option must be set either by passing api_key to the client or by setting the TOGETHER_AI_API_KEY environment variable,(A),0.0,structured_baseline
valid.022,**exception raised**: litellm.AuthenticationError: AuthenticationError: Together_aiException - The api_key client option must be set either by passing api_key to the client or by setting the TOGETHER_AI_API_KEY environment variable,(A),0.0,structured_baseline
valid.031,**exception raised**: litellm.AuthenticationError: AuthenticationError: Together_aiException - The api_key client option must be set either by passing api_key to the client or by setting the TOGETHER_AI_API_KEY environment variable,(A),0.0,structured_baseline
valid.014,**exception raised**: litellm.AuthenticationError: AuthenticationError: Together_aiException - The api_key client option must be set either by passing api_key to the client or by setting the TOGETHER_AI_API_KEY environment variable,(E),0.0,structured_baseline
valid.012,**exception raised**: litellm.AuthenticationError: AuthenticationError: Together_aiException - The api_key client option must be set either by passing api_key to the client or by setting the TOGETHER_AI_API_KEY environment variable,(D),0.0,structured_baseline
valid.020,**exception raised**: litellm.AuthenticationError: AuthenticationError: Together_aiException - The api_key client option must be set either by passing api_key to the client or by setting the TOGETHER_AI_API_KEY environment variable,(C),0.0,structured_baseline
valid.026,**exception raised**: litellm.AuthenticationError: AuthenticationError: Together_aiException - The api_key client option must be set either by passing api_key to the client or by setting the TOGETHER_AI_API_KEY environment variable,(C),0.0,structured_baseline
valid.011,**exception raised**: litellm.AuthenticationError: AuthenticationError: Together_aiException - The api_key client option must be set either by passing api_key to the client or by setting the TOGETHER_AI_API_KEY environment variable,(C),0.0,structured_baseline
valid.004,**exception raised**: litellm.AuthenticationError: AuthenticationError: Together_aiException - The api_key client option must be set either by passing api_key to the client or by setting the TOGETHER_AI_API_KEY environment variable,(D),0.0,structured_baseline
